<?xml version="1.0" encoding="UTF-8"?>
<!-- IMPORTANT: This is an internal file that has been generated
     by the Xilinx ISE software.  Any direct editing or
     changes made to this file may result in unpredictable
     behavior or data corruption.  It is strongly advised that
     users do not edit the contents of this file. -->
<DeviceUsageSummary rev="32">
<DesignStatistics TimeStamp="Fri Jul 03 12:14:44 2020"><group name="NetStatistics">
<item name="NumNets_Active" rev="32">
<attrib name="value" value="4075"/></item>
<item name="NumNets_Gnd" rev="32">
<attrib name="value" value="1"/></item>
<item name="NumNets_Vcc" rev="32">
<attrib name="value" value="1"/></item>
<item name="NumNodesOfType_Active_BENTQUAD" rev="32">
<attrib name="value" value="2348"/></item>
<item name="NumNodesOfType_Active_BOUNCEACROSS" rev="32">
<attrib name="value" value="689"/></item>
<item name="NumNodesOfType_Active_BOUNCEIN" rev="32">
<attrib name="value" value="834"/></item>
<item name="NumNodesOfType_Active_BUFGROUT" rev="32">
<attrib name="value" value="4"/></item>
<item name="NumNodesOfType_Active_BUFINP2OUT" rev="32">
<attrib name="value" value="14"/></item>
<item name="NumNodesOfType_Active_CLKPIN" rev="32">
<attrib name="value" value="450"/></item>
<item name="NumNodesOfType_Active_DOUBLE" rev="32">
<attrib name="value" value="9568"/></item>
<item name="NumNodesOfType_Active_GENERIC" rev="32">
<attrib name="value" value="23"/></item>
<item name="NumNodesOfType_Active_GLOBAL" rev="32">
<attrib name="value" value="561"/></item>
<item name="NumNodesOfType_Active_HLONG" rev="32">
<attrib name="value" value="126"/></item>
<item name="NumNodesOfType_Active_HQUAD" rev="32">
<attrib name="value" value="2181"/></item>
<item name="NumNodesOfType_Active_INPUT" rev="32">
<attrib name="value" value="1306"/></item>
<item name="NumNodesOfType_Active_IOBIN2OUT" rev="32">
<attrib name="value" value="31"/></item>
<item name="NumNodesOfType_Active_IOBOUTPUT" rev="32">
<attrib name="value" value="31"/></item>
<item name="NumNodesOfType_Active_LUTINPUT" rev="32">
<attrib name="value" value="18557"/></item>
<item name="NumNodesOfType_Active_OUTBOUND" rev="32">
<attrib name="value" value="4058"/></item>
<item name="NumNodesOfType_Active_OUTPUT" rev="32">
<attrib name="value" value="4158"/></item>
<item name="NumNodesOfType_Active_PADINPUT" rev="32">
<attrib name="value" value="9"/></item>
<item name="NumNodesOfType_Active_PADOUTPUT" rev="32">
<attrib name="value" value="22"/></item>
<item name="NumNodesOfType_Active_PINBOUNCE" rev="32">
<attrib name="value" value="2414"/></item>
<item name="NumNodesOfType_Active_PINFEED" rev="32">
<attrib name="value" value="20277"/></item>
<item name="NumNodesOfType_Active_SINGLE" rev="32">
<attrib name="value" value="10521"/></item>
<item name="NumNodesOfType_Active_VLONG" rev="32">
<attrib name="value" value="117"/></item>
<item name="NumNodesOfType_Active_VLONG12" rev="32">
<attrib name="value" value="61"/></item>
<item name="NumNodesOfType_Active_VQUAD" rev="32">
<attrib name="value" value="1743"/></item>
<item name="NumNodesOfType_Vcc_HVCCGNDOUT" rev="32">
<attrib name="value" value="288"/></item>
<item name="NumNodesOfType_Vcc_INPUT" rev="32">
<attrib name="value" value="5"/></item>
<item name="NumNodesOfType_Vcc_IOBIN2OUT" rev="32">
<attrib name="value" value="2"/></item>
<item name="NumNodesOfType_Vcc_IOBOUTPUT" rev="32">
<attrib name="value" value="2"/></item>
<item name="NumNodesOfType_Vcc_LUTINPUT" rev="32">
<attrib name="value" value="847"/></item>
<item name="NumNodesOfType_Vcc_PADINPUT" rev="32">
<attrib name="value" value="2"/></item>
<item name="NumNodesOfType_Vcc_PINBOUNCE" rev="32">
<attrib name="value" value="5"/></item>
<item name="NumNodesOfType_Vcc_PINFEED" rev="32">
<attrib name="value" value="854"/></item>
</group>
<group name="SiteStatistics">
<item name="BUFG-BUFGCTRL" rev="32">
<attrib name="value" value="4"/></item>
<item name="IOB-IOB18" rev="32">
<attrib name="value" value="1"/></item>
<item name="IOB-IOB18M" rev="32">
<attrib name="value" value="14"/></item>
<item name="IOB-IOB18S" rev="32">
<attrib name="value" value="12"/></item>
<item name="IOB33-IOB33M" rev="32">
<attrib name="value" value="4"/></item>
<item name="IOB33-IOB33S" rev="32">
<attrib name="value" value="6"/></item>
<item name="SLICEL-SLICEM" rev="32">
<attrib name="value" value="393"/></item>
</group>
<group name="MiscellaneousStatistics">
<item name="AGG_BONDED_IO" rev="31">
<attrib name="value" value="38"/></item>
<item name="AGG_IO" rev="31">
<attrib name="value" value="38"/></item>
<item name="AGG_LOCED_IO" rev="31">
<attrib name="value" value="38"/></item>
<item name="AGG_SLICE" rev="31">
<attrib name="value" value="1393"/></item>
<item name="NUM_BONDED_IOB" rev="31">
<attrib name="value" value="27"/></item>
<item name="NUM_BONDED_IOB33" rev="31">
<attrib name="value" value="11"/></item>
<item name="NUM_BSFULL" rev="31">
<attrib name="value" value="880"/></item>
<item name="NUM_BSLUTONLY" rev="31">
<attrib name="value" value="2817"/></item>
<item name="NUM_BSREGONLY" rev="31">
<attrib name="value" value="24"/></item>
<item name="NUM_BSUSED" rev="31">
<attrib name="value" value="3721"/></item>
<item name="NUM_BUFG" rev="31">
<attrib name="value" value="4"/></item>
<item name="NUM_LOCED_IOB" rev="31">
<attrib name="value" value="27"/></item>
<item name="NUM_LOCED_IOB33" rev="31">
<attrib name="value" value="11"/></item>
<item name="NUM_LOGIC_O5ANDO6" rev="31">
<attrib name="value" value="752"/></item>
<item name="NUM_LOGIC_O5ONLY" rev="31">
<attrib name="value" value="94"/></item>
<item name="NUM_LOGIC_O6ONLY" rev="31">
<attrib name="value" value="2335"/></item>
<item name="NUM_LUT_RT_DRIVES_CARRY4" rev="31">
<attrib name="value" value="4"/></item>
<item name="NUM_LUT_RT_EXO6" rev="31">
<attrib name="value" value="4"/></item>
<item name="NUM_LUT_RT_O5" rev="31">
<attrib name="value" value="1"/></item>
<item name="NUM_LUT_RT_O6" rev="31">
<attrib name="value" value="94"/></item>
<item name="NUM_SLICEL" rev="31">
<attrib name="value" value="1265"/></item>
<item name="NUM_SLICEM" rev="31">
<attrib name="value" value="128"/></item>
<item name="NUM_SLICE_CARRY4" rev="31">
<attrib name="value" value="55"/></item>
<item name="NUM_SLICE_CONTROLSET" rev="31">
<attrib name="value" value="23"/></item>
<item name="NUM_SLICE_CYINIT" rev="31">
<attrib name="value" value="4554"/></item>
<item name="NUM_SLICE_F7MUX" rev="31">
<attrib name="value" value="342"/></item>
<item name="NUM_SLICE_F8MUX" rev="31">
<attrib name="value" value="128"/></item>
<item name="NUM_SLICE_FF" rev="31">
<attrib name="value" value="1406"/></item>
<item name="NUM_SLICE_UNUSEDCTRL" rev="31">
<attrib name="value" value="947"/></item>
<item name="NUM_SPRAM_O6ONLY" rev="31">
<attrib name="value" value="512"/></item>
<item name="NUM_UNUSABLE_FF_BELS" rev="31">
<attrib name="value" value="74"/></item>
<item name="Xilinx Core dist_mem_gen_v7_2, Xilinx CORE Generator 14.7" rev="31">
<attrib name="value" value="2"/></item>
</group>
</DesignStatistics>
<DeviceUsage TimeStamp="Fri Jul 03 12:14:44 2020"><group name="SiteSummary">
<item name="BUFG" rev="32">
<attrib name="total" value="1000000"/><attrib name="used" value="4"/></item>
<item name="BUFG_BUFG" rev="32">
<attrib name="total" value="1000000"/><attrib name="used" value="4"/></item>
<item name="CARRY4" rev="32">
<attrib name="total" value="1000000"/><attrib name="used" value="55"/></item>
<item name="FF_INIT" rev="32">
<attrib name="total" value="1000000"/><attrib name="used" value="503"/></item>
<item name="HARD0" rev="32">
<attrib name="total" value="1000000"/><attrib name="used" value="34"/></item>
<item name="HARD1" rev="32">
<attrib name="total" value="1000000"/><attrib name="used" value="3"/></item>
<item name="IOB" rev="32">
<attrib name="total" value="1000000"/><attrib name="used" value="27"/></item>
<item name="IOB33" rev="32">
<attrib name="total" value="1000000"/><attrib name="used" value="11"/></item>
<item name="IOB33_OUTBUF" rev="32">
<attrib name="total" value="1000000"/><attrib name="used" value="11"/></item>
<item name="IOB_INBUF_EN" rev="32">
<attrib name="total" value="1000000"/><attrib name="used" value="27"/></item>
<item name="LUT5" rev="32">
<attrib name="total" value="1000000"/><attrib name="used" value="847"/></item>
<item name="LUT6" rev="32">
<attrib name="total" value="1000000"/><attrib name="used" value="3185"/></item>
<item name="LUT_OR_MEM6" rev="32">
<attrib name="total" value="1000000"/><attrib name="used" value="512"/></item>
<item name="PAD" rev="32">
<attrib name="total" value="1000000"/><attrib name="used" value="38"/></item>
<item name="REG_INIT" rev="32">
<attrib name="total" value="1000000"/><attrib name="used" value="903"/></item>
<item name="SELMUX2_1" rev="32">
<attrib name="total" value="1000000"/><attrib name="used" value="470"/></item>
<item name="SLICEL" rev="32">
<attrib name="total" value="1000000"/><attrib name="used" value="1265"/></item>
<item name="SLICEM" rev="32">
<attrib name="total" value="1000000"/><attrib name="used" value="128"/></item>
</group>
</DeviceUsage>
<ReportConfigData TimeStamp="Fri Jul 03 12:14:44 2020"><group name="LUT_OR_MEM6">
<item name="CLK" rev="32">
<attrib name="CLK" value="0"/><attrib name="CLK_INV" value="512"/></item>
<item name="LUT_OR_MEM" rev="32">
<attrib name="RAM" value="512"/></item>
<item name="RAMMODE" rev="32">
<attrib name="SPRAM64" value="512"/></item>
</group>
<group name="REG_INIT">
<item name="CK" rev="32">
<attrib name="CK" value="806"/><attrib name="CK_INV" value="97"/></item>
<item name="FFINIT" rev="32">
<attrib name="INIT0" value="884"/><attrib name="INIT1" value="19"/></item>
<item name="FFSR" rev="32">
<attrib name="SRLOW" value="900"/><attrib name="SRHIGH" value="3"/></item>
<item name="LATCH_OR_FF" rev="32">
<attrib name="FF" value="903"/></item>
<item name="SYNC_ATTR" rev="32">
<attrib name="ASYNC" value="873"/><attrib name="SYNC" value="30"/></item>
</group>
<group name="SLICEL">
<item name="CLK" rev="32">
<attrib name="CLK" value="279"/><attrib name="CLK_INV" value="39"/></item>
</group>
<group name="SLICEM">
<item name="CLK" rev="32">
<attrib name="CLK" value="0"/><attrib name="CLK_INV" value="128"/></item>
</group>
<group name="IOB_INBUF_EN">
<item name="IBUF_LOW_PWR" rev="32">
<attrib name="TRUE" value="27"/></item>
</group>
<group name="SELMUX2_1">
<item name="0" rev="32">
<attrib name="0" value="470"/><attrib name="0_INV" value="0"/></item>
</group>
<group name="FF_INIT">
<item name="CK" rev="32">
<attrib name="CK" value="498"/><attrib name="CK_INV" value="5"/></item>
<item name="FFINIT" rev="32">
<attrib name="INIT0" value="502"/><attrib name="INIT1" value="1"/></item>
<item name="FFSR" rev="32">
<attrib name="SRLOW" value="503"/></item>
<item name="SYNC_ATTR" rev="32">
<attrib name="ASYNC" value="503"/></item>
</group>
</ReportConfigData>
<ReportPinData TimeStamp="Fri Jul 03 12:14:44 2020"><group name="IOB33_OUTBUF">
<item name="IN" rev="32">
<attrib name="value" value="11"/></item>
<item name="OUT" rev="32">
<attrib name="value" value="11"/></item>
</group>
<group name="LUT_OR_MEM6">
<item name="A1" rev="32">
<attrib name="value" value="512"/></item>
<item name="A2" rev="32">
<attrib name="value" value="512"/></item>
<item name="A3" rev="32">
<attrib name="value" value="512"/></item>
<item name="A4" rev="32">
<attrib name="value" value="512"/></item>
<item name="A5" rev="32">
<attrib name="value" value="512"/></item>
<item name="A6" rev="32">
<attrib name="value" value="512"/></item>
<item name="CLK" rev="32">
<attrib name="value" value="512"/></item>
<item name="DI1" rev="32">
<attrib name="value" value="512"/></item>
<item name="O6" rev="32">
<attrib name="value" value="512"/></item>
<item name="WA1" rev="32">
<attrib name="value" value="512"/></item>
<item name="WA2" rev="32">
<attrib name="value" value="512"/></item>
<item name="WA3" rev="32">
<attrib name="value" value="512"/></item>
<item name="WA4" rev="32">
<attrib name="value" value="512"/></item>
<item name="WA5" rev="32">
<attrib name="value" value="512"/></item>
<item name="WA6" rev="32">
<attrib name="value" value="512"/></item>
<item name="WA7" rev="32">
<attrib name="value" value="512"/></item>
<item name="WA8" rev="32">
<attrib name="value" value="512"/></item>
<item name="WE" rev="32">
<attrib name="value" value="512"/></item>
</group>
<group name="REG_INIT">
<item name="CE" rev="32">
<attrib name="value" value="689"/></item>
<item name="CK" rev="32">
<attrib name="value" value="903"/></item>
<item name="D" rev="32">
<attrib name="value" value="903"/></item>
<item name="Q" rev="32">
<attrib name="value" value="903"/></item>
<item name="SR" rev="32">
<attrib name="value" value="690"/></item>
</group>
<group name="SLICEL">
<item name="A" rev="32">
<attrib name="value" value="742"/></item>
<item name="A1" rev="32">
<attrib name="value" value="600"/></item>
<item name="A2" rev="32">
<attrib name="value" value="751"/></item>
<item name="A3" rev="32">
<attrib name="value" value="836"/></item>
<item name="A4" rev="32">
<attrib name="value" value="938"/></item>
<item name="A5" rev="32">
<attrib name="value" value="975"/></item>
<item name="A6" rev="32">
<attrib name="value" value="1010"/></item>
<item name="AMUX" rev="32">
<attrib name="value" value="161"/></item>
<item name="AQ" rev="32">
<attrib name="value" value="251"/></item>
<item name="AX" rev="32">
<attrib name="value" value="25"/></item>
<item name="B" rev="32">
<attrib name="value" value="525"/></item>
<item name="B1" rev="32">
<attrib name="value" value="507"/></item>
<item name="B2" rev="32">
<attrib name="value" value="590"/></item>
<item name="B3" rev="32">
<attrib name="value" value="626"/></item>
<item name="B4" rev="32">
<attrib name="value" value="687"/></item>
<item name="B5" rev="32">
<attrib name="value" value="727"/></item>
<item name="B6" rev="32">
<attrib name="value" value="755"/></item>
<item name="BMUX" rev="32">
<attrib name="value" value="196"/></item>
<item name="BQ" rev="32">
<attrib name="value" value="228"/></item>
<item name="BX" rev="32">
<attrib name="value" value="34"/></item>
<item name="C" rev="32">
<attrib name="value" value="332"/></item>
<item name="C1" rev="32">
<attrib name="value" value="454"/></item>
<item name="C2" rev="32">
<attrib name="value" value="535"/></item>
<item name="C3" rev="32">
<attrib name="value" value="585"/></item>
<item name="C4" rev="32">
<attrib name="value" value="630"/></item>
<item name="C5" rev="32">
<attrib name="value" value="645"/></item>
<item name="C6" rev="32">
<attrib name="value" value="673"/></item>
<item name="CE" rev="32">
<attrib name="value" value="217"/></item>
<item name="CIN" rev="32">
<attrib name="value" value="44"/></item>
<item name="CLK" rev="32">
<attrib name="value" value="318"/></item>
<item name="CMUX" rev="32">
<attrib name="value" value="298"/></item>
<item name="COUT" rev="32">
<attrib name="value" value="44"/></item>
<item name="CQ" rev="32">
<attrib name="value" value="235"/></item>
<item name="CX" rev="32">
<attrib name="value" value="106"/></item>
<item name="D" rev="32">
<attrib name="value" value="461"/></item>
<item name="D1" rev="32">
<attrib name="value" value="469"/></item>
<item name="D2" rev="32">
<attrib name="value" value="585"/></item>
<item name="D3" rev="32">
<attrib name="value" value="626"/></item>
<item name="D4" rev="32">
<attrib name="value" value="682"/></item>
<item name="D5" rev="32">
<attrib name="value" value="710"/></item>
<item name="D6" rev="32">
<attrib name="value" value="736"/></item>
<item name="DMUX" rev="32">
<attrib name="value" value="216"/></item>
<item name="DQ" rev="32">
<attrib name="value" value="189"/></item>
<item name="DX" rev="32">
<attrib name="value" value="28"/></item>
<item name="SR" rev="32">
<attrib name="value" value="218"/></item>
</group>
<group name="SLICEM">
<item name="A1" rev="32">
<attrib name="value" value="128"/></item>
<item name="A2" rev="32">
<attrib name="value" value="128"/></item>
<item name="A3" rev="32">
<attrib name="value" value="128"/></item>
<item name="A4" rev="32">
<attrib name="value" value="128"/></item>
<item name="A5" rev="32">
<attrib name="value" value="128"/></item>
<item name="A6" rev="32">
<attrib name="value" value="128"/></item>
<item name="AX" rev="32">
<attrib name="value" value="128"/></item>
<item name="B1" rev="32">
<attrib name="value" value="128"/></item>
<item name="B2" rev="32">
<attrib name="value" value="128"/></item>
<item name="B3" rev="32">
<attrib name="value" value="128"/></item>
<item name="B4" rev="32">
<attrib name="value" value="128"/></item>
<item name="B5" rev="32">
<attrib name="value" value="128"/></item>
<item name="B6" rev="32">
<attrib name="value" value="128"/></item>
<item name="BMUX" rev="32">
<attrib name="value" value="128"/></item>
<item name="BX" rev="32">
<attrib name="value" value="128"/></item>
<item name="C1" rev="32">
<attrib name="value" value="128"/></item>
<item name="C2" rev="32">
<attrib name="value" value="128"/></item>
<item name="C3" rev="32">
<attrib name="value" value="128"/></item>
<item name="C4" rev="32">
<attrib name="value" value="128"/></item>
<item name="C5" rev="32">
<attrib name="value" value="128"/></item>
<item name="C6" rev="32">
<attrib name="value" value="128"/></item>
<item name="CE" rev="32">
<attrib name="value" value="128"/></item>
<item name="CLK" rev="32">
<attrib name="value" value="128"/></item>
<item name="CX" rev="32">
<attrib name="value" value="128"/></item>
<item name="D1" rev="32">
<attrib name="value" value="128"/></item>
<item name="D2" rev="32">
<attrib name="value" value="128"/></item>
<item name="D3" rev="32">
<attrib name="value" value="128"/></item>
<item name="D4" rev="32">
<attrib name="value" value="128"/></item>
<item name="D5" rev="32">
<attrib name="value" value="128"/></item>
<item name="D6" rev="32">
<attrib name="value" value="128"/></item>
<item name="DI" rev="32">
<attrib name="value" value="128"/></item>
</group>
<group name="BUFG_BUFG">
<item name="I0" rev="32">
<attrib name="value" value="4"/></item>
<item name="O" rev="32">
<attrib name="value" value="4"/></item>
</group>
<group name="IOB_INBUF_EN">
<item name="INTERMDISABLE" rev="32">
<attrib name="value" value="27"/></item>
<item name="OUT" rev="32">
<attrib name="value" value="27"/></item>
<item name="PAD" rev="32">
<attrib name="value" value="27"/></item>
</group>
<group name="PAD">
<item name="PAD" rev="32">
<attrib name="value" value="38"/></item>
</group>
<group name="CARRY4">
<item name="CIN" rev="32">
<attrib name="value" value="44"/></item>
<item name="CO0" rev="32">
<attrib name="value" value="4"/></item>
<item name="CO1" rev="32">
<attrib name="value" value="3"/></item>
<item name="CO2" rev="32">
<attrib name="value" value="1"/></item>
<item name="CO3" rev="32">
<attrib name="value" value="44"/></item>
<item name="CYINIT" rev="32">
<attrib name="value" value="11"/></item>
<item name="DI0" rev="32">
<attrib name="value" value="48"/></item>
<item name="DI1" rev="32">
<attrib name="value" value="47"/></item>
<item name="DI2" rev="32">
<attrib name="value" value="46"/></item>
<item name="DI3" rev="32">
<attrib name="value" value="42"/></item>
<item name="O0" rev="32">
<attrib name="value" value="37"/></item>
<item name="O1" rev="32">
<attrib name="value" value="33"/></item>
<item name="O2" rev="32">
<attrib name="value" value="34"/></item>
<item name="O3" rev="32">
<attrib name="value" value="34"/></item>
<item name="S0" rev="32">
<attrib name="value" value="55"/></item>
<item name="S1" rev="32">
<attrib name="value" value="49"/></item>
<item name="S2" rev="32">
<attrib name="value" value="47"/></item>
<item name="S3" rev="32">
<attrib name="value" value="45"/></item>
</group>
<group name="LUT5">
<item name="A1" rev="32">
<attrib name="value" value="610"/></item>
<item name="A2" rev="32">
<attrib name="value" value="694"/></item>
<item name="A3" rev="32">
<attrib name="value" value="702"/></item>
<item name="A4" rev="32">
<attrib name="value" value="180"/></item>
<item name="A5" rev="32">
<attrib name="value" value="127"/></item>
<item name="O5" rev="32">
<attrib name="value" value="847"/></item>
</group>
<group name="LUT6">
<item name="A1" rev="32">
<attrib name="value" value="1500"/></item>
<item name="A2" rev="32">
<attrib name="value" value="1869"/></item>
<item name="A3" rev="32">
<attrib name="value" value="2656"/></item>
<item name="A4" rev="32">
<attrib name="value" value="2937"/></item>
<item name="A5" rev="32">
<attrib name="value" value="3057"/></item>
<item name="A6" rev="32">
<attrib name="value" value="3174"/></item>
<item name="O6" rev="32">
<attrib name="value" value="3185"/></item>
</group>
<group name="IOB33">
<item name="O" rev="32">
<attrib name="value" value="11"/></item>
<item name="PAD" rev="32">
<attrib name="value" value="11"/></item>
</group>
<group name="SELMUX2_1">
<item name="0" rev="32">
<attrib name="value" value="470"/></item>
<item name="1" rev="32">
<attrib name="value" value="470"/></item>
<item name="OUT" rev="32">
<attrib name="value" value="470"/></item>
<item name="S0" rev="32">
<attrib name="value" value="470"/></item>
</group>
<group name="IOB">
<item name="I" rev="32">
<attrib name="value" value="27"/></item>
<item name="PAD" rev="32">
<attrib name="value" value="27"/></item>
</group>
<group name="FF_INIT">
<item name="CE" rev="32">
<attrib name="value" value="501"/></item>
<item name="CK" rev="32">
<attrib name="value" value="503"/></item>
<item name="D" rev="32">
<attrib name="value" value="503"/></item>
<item name="Q" rev="32">
<attrib name="value" value="503"/></item>
<item name="SR" rev="32">
<attrib name="value" value="500"/></item>
</group>
<group name="HARD0">
<item name="0" rev="32">
<attrib name="value" value="34"/></item>
</group>
<group name="HARD1">
<item name="1" rev="32">
<attrib name="value" value="3"/></item>
</group>
<group name="BUFG">
<item name="I0" rev="32">
<attrib name="value" value="4"/></item>
<item name="O" rev="32">
<attrib name="value" value="4"/></item>
</group>
</ReportPinData>
<CmdHistory>
</CmdHistory>
</DeviceUsageSummary>
