<?xml version="1.0" encoding="UTF-8"?>
<!-- IMPORTANT: This is an internal file that has been generated
     by the Xilinx ISE software.  Any direct editing or
     changes made to this file may result in unpredictable
     behavior or data corruption.  It is strongly advised that
     users do not edit the contents of this file. -->
<DeviceUsageSummary rev="48">
<DesignStatistics TimeStamp="Wed Jul 08 17:59:27 2020"><group name="NetStatistics">
<item name="NumNets_Active" rev="48">
<attrib name="value" value="3943"/></item>
<item name="NumNets_Gnd" rev="48">
<attrib name="value" value="1"/></item>
<item name="NumNets_Vcc" rev="48">
<attrib name="value" value="1"/></item>
<item name="NumNodesOfType_Active_BENTQUAD" rev="48">
<attrib name="value" value="2210"/></item>
<item name="NumNodesOfType_Active_BOUNCEACROSS" rev="48">
<attrib name="value" value="615"/></item>
<item name="NumNodesOfType_Active_BOUNCEIN" rev="48">
<attrib name="value" value="767"/></item>
<item name="NumNodesOfType_Active_BUFGROUT" rev="48">
<attrib name="value" value="4"/></item>
<item name="NumNodesOfType_Active_BUFINP2OUT" rev="48">
<attrib name="value" value="12"/></item>
<item name="NumNodesOfType_Active_CLKPIN" rev="48">
<attrib name="value" value="464"/></item>
<item name="NumNodesOfType_Active_DOUBLE" rev="48">
<attrib name="value" value="9006"/></item>
<item name="NumNodesOfType_Active_GENERIC" rev="48">
<attrib name="value" value="23"/></item>
<item name="NumNodesOfType_Active_GLOBAL" rev="48">
<attrib name="value" value="547"/></item>
<item name="NumNodesOfType_Active_HLONG" rev="48">
<attrib name="value" value="58"/></item>
<item name="NumNodesOfType_Active_HQUAD" rev="48">
<attrib name="value" value="1713"/></item>
<item name="NumNodesOfType_Active_INPUT" rev="48">
<attrib name="value" value="1357"/></item>
<item name="NumNodesOfType_Active_IOBIN2OUT" rev="48">
<attrib name="value" value="31"/></item>
<item name="NumNodesOfType_Active_IOBOUTPUT" rev="48">
<attrib name="value" value="31"/></item>
<item name="NumNodesOfType_Active_LUTINPUT" rev="48">
<attrib name="value" value="17929"/></item>
<item name="NumNodesOfType_Active_OUTBOUND" rev="48">
<attrib name="value" value="3934"/></item>
<item name="NumNodesOfType_Active_OUTPUT" rev="48">
<attrib name="value" value="4016"/></item>
<item name="NumNodesOfType_Active_PADINPUT" rev="48">
<attrib name="value" value="9"/></item>
<item name="NumNodesOfType_Active_PADOUTPUT" rev="48">
<attrib name="value" value="22"/></item>
<item name="NumNodesOfType_Active_PINBOUNCE" rev="48">
<attrib name="value" value="2333"/></item>
<item name="NumNodesOfType_Active_PINFEED" rev="48">
<attrib name="value" value="19714"/></item>
<item name="NumNodesOfType_Active_SINGLE" rev="48">
<attrib name="value" value="10169"/></item>
<item name="NumNodesOfType_Active_SLOWSINGLE" rev="48">
<attrib name="value" value="2"/></item>
<item name="NumNodesOfType_Active_VLONG" rev="48">
<attrib name="value" value="105"/></item>
<item name="NumNodesOfType_Active_VLONG12" rev="48">
<attrib name="value" value="62"/></item>
<item name="NumNodesOfType_Active_VQUAD" rev="48">
<attrib name="value" value="1743"/></item>
<item name="NumNodesOfType_Vcc_HVCCGNDOUT" rev="48">
<attrib name="value" value="267"/></item>
<item name="NumNodesOfType_Vcc_INPUT" rev="48">
<attrib name="value" value="6"/></item>
<item name="NumNodesOfType_Vcc_IOBIN2OUT" rev="48">
<attrib name="value" value="2"/></item>
<item name="NumNodesOfType_Vcc_IOBOUTPUT" rev="48">
<attrib name="value" value="2"/></item>
<item name="NumNodesOfType_Vcc_LUTINPUT" rev="48">
<attrib name="value" value="841"/></item>
<item name="NumNodesOfType_Vcc_PADINPUT" rev="48">
<attrib name="value" value="2"/></item>
<item name="NumNodesOfType_Vcc_PINBOUNCE" rev="48">
<attrib name="value" value="6"/></item>
<item name="NumNodesOfType_Vcc_PINFEED" rev="48">
<attrib name="value" value="849"/></item>
</group>
<group name="SiteStatistics">
<item name="BUFG-BUFGCTRL" rev="48">
<attrib name="value" value="4"/></item>
<item name="IOB-IOB18" rev="48">
<attrib name="value" value="1"/></item>
<item name="IOB-IOB18M" rev="48">
<attrib name="value" value="14"/></item>
<item name="IOB-IOB18S" rev="48">
<attrib name="value" value="12"/></item>
<item name="IOB33-IOB33M" rev="48">
<attrib name="value" value="4"/></item>
<item name="IOB33-IOB33S" rev="48">
<attrib name="value" value="6"/></item>
<item name="SLICEL-SLICEM" rev="48">
<attrib name="value" value="391"/></item>
</group>
<group name="MiscellaneousStatistics">
<item name="AGG_BONDED_IO" rev="47">
<attrib name="value" value="38"/></item>
<item name="AGG_IO" rev="47">
<attrib name="value" value="38"/></item>
<item name="AGG_LOCED_IO" rev="47">
<attrib name="value" value="38"/></item>
<item name="AGG_SLICE" rev="47">
<attrib name="value" value="1338"/></item>
<item name="NUM_BONDED_IOB" rev="47">
<attrib name="value" value="27"/></item>
<item name="NUM_BONDED_IOB33" rev="47">
<attrib name="value" value="11"/></item>
<item name="NUM_BSFULL" rev="47">
<attrib name="value" value="903"/></item>
<item name="NUM_BSLUTONLY" rev="47">
<attrib name="value" value="2660"/></item>
<item name="NUM_BSREGONLY" rev="47">
<attrib name="value" value="36"/></item>
<item name="NUM_BSUSED" rev="47">
<attrib name="value" value="3599"/></item>
<item name="NUM_BUFG" rev="47">
<attrib name="value" value="4"/></item>
<item name="NUM_LOCED_IOB" rev="47">
<attrib name="value" value="27"/></item>
<item name="NUM_LOCED_IOB33" rev="47">
<attrib name="value" value="11"/></item>
<item name="NUM_LOGIC_O5ANDO6" rev="47">
<attrib name="value" value="746"/></item>
<item name="NUM_LOGIC_O5ONLY" rev="47">
<attrib name="value" value="94"/></item>
<item name="NUM_LOGIC_O6ONLY" rev="47">
<attrib name="value" value="2206"/></item>
<item name="NUM_LUT_RT_DRIVES_CARRY4" rev="47">
<attrib name="value" value="5"/></item>
<item name="NUM_LUT_RT_EXO6" rev="47">
<attrib name="value" value="4"/></item>
<item name="NUM_LUT_RT_O5ANDO6" rev="47">
<attrib name="value" value="1"/></item>
<item name="NUM_LUT_RT_O6" rev="47">
<attrib name="value" value="94"/></item>
<item name="NUM_SLICEL" rev="47">
<attrib name="value" value="1210"/></item>
<item name="NUM_SLICEM" rev="47">
<attrib name="value" value="128"/></item>
<item name="NUM_SLICE_CARRY4" rev="47">
<attrib name="value" value="55"/></item>
<item name="NUM_SLICE_CONTROLSET" rev="47">
<attrib name="value" value="27"/></item>
<item name="NUM_SLICE_CYINIT" rev="47">
<attrib name="value" value="4414"/></item>
<item name="NUM_SLICE_F7MUX" rev="47">
<attrib name="value" value="368"/></item>
<item name="NUM_SLICE_F8MUX" rev="47">
<attrib name="value" value="128"/></item>
<item name="NUM_SLICE_FF" rev="47">
<attrib name="value" value="1441"/></item>
<item name="NUM_SLICE_UNUSEDCTRL" rev="47">
<attrib name="value" value="878"/></item>
<item name="NUM_SPRAM_O6ONLY" rev="47">
<attrib name="value" value="512"/></item>
<item name="NUM_UNUSABLE_FF_BELS" rev="47">
<attrib name="value" value="95"/></item>
<item name="Xilinx Core dist_mem_gen_v7_2, Xilinx CORE Generator 14.7" rev="47">
<attrib name="value" value="2"/></item>
</group>
</DesignStatistics>
<DeviceUsage TimeStamp="Wed Jul 08 17:59:27 2020"><group name="SiteSummary">
<item name="BUFG" rev="48">
<attrib name="total" value="1000000"/><attrib name="used" value="4"/></item>
<item name="BUFG_BUFG" rev="48">
<attrib name="total" value="1000000"/><attrib name="used" value="4"/></item>
<item name="CARRY4" rev="48">
<attrib name="total" value="1000000"/><attrib name="used" value="55"/></item>
<item name="FF_INIT" rev="48">
<attrib name="total" value="1000000"/><attrib name="used" value="503"/></item>
<item name="HARD0" rev="48">
<attrib name="total" value="1000000"/><attrib name="used" value="34"/></item>
<item name="HARD1" rev="48">
<attrib name="total" value="1000000"/><attrib name="used" value="3"/></item>
<item name="IOB" rev="48">
<attrib name="total" value="1000000"/><attrib name="used" value="27"/></item>
<item name="IOB33" rev="48">
<attrib name="total" value="1000000"/><attrib name="used" value="11"/></item>
<item name="IOB33_OUTBUF" rev="48">
<attrib name="total" value="1000000"/><attrib name="used" value="11"/></item>
<item name="IOB_INBUF_EN" rev="48">
<attrib name="total" value="1000000"/><attrib name="used" value="27"/></item>
<item name="LUT5" rev="48">
<attrib name="total" value="1000000"/><attrib name="used" value="841"/></item>
<item name="LUT6" rev="48">
<attrib name="total" value="1000000"/><attrib name="used" value="3051"/></item>
<item name="LUT_OR_MEM6" rev="48">
<attrib name="total" value="1000000"/><attrib name="used" value="512"/></item>
<item name="PAD" rev="48">
<attrib name="total" value="1000000"/><attrib name="used" value="38"/></item>
<item name="REG_INIT" rev="48">
<attrib name="total" value="1000000"/><attrib name="used" value="938"/></item>
<item name="SELMUX2_1" rev="48">
<attrib name="total" value="1000000"/><attrib name="used" value="496"/></item>
<item name="SLICEL" rev="48">
<attrib name="total" value="1000000"/><attrib name="used" value="1210"/></item>
<item name="SLICEM" rev="48">
<attrib name="total" value="1000000"/><attrib name="used" value="128"/></item>
</group>
</DeviceUsage>
<ReportConfigData TimeStamp="Wed Jul 08 17:59:27 2020"><group name="LUT_OR_MEM6">
<item name="CLK" rev="48">
<attrib name="CLK" value="0"/><attrib name="CLK_INV" value="512"/></item>
<item name="LUT_OR_MEM" rev="48">
<attrib name="RAM" value="512"/></item>
<item name="RAMMODE" rev="48">
<attrib name="SPRAM64" value="512"/></item>
</group>
<group name="REG_INIT">
<item name="CK" rev="48">
<attrib name="CK" value="841"/><attrib name="CK_INV" value="97"/></item>
<item name="FFINIT" rev="48">
<attrib name="INIT0" value="918"/><attrib name="INIT1" value="20"/></item>
<item name="FFSR" rev="48">
<attrib name="SRLOW" value="934"/><attrib name="SRHIGH" value="4"/></item>
<item name="LATCH_OR_FF" rev="48">
<attrib name="FF" value="938"/></item>
<item name="SYNC_ATTR" rev="48">
<attrib name="ASYNC" value="908"/><attrib name="SYNC" value="30"/></item>
</group>
<group name="SLICEL">
<item name="CLK" rev="48">
<attrib name="CLK" value="293"/><attrib name="CLK_INV" value="39"/></item>
</group>
<group name="SLICEM">
<item name="CLK" rev="48">
<attrib name="CLK" value="0"/><attrib name="CLK_INV" value="128"/></item>
</group>
<group name="IOB_INBUF_EN">
<item name="IBUF_LOW_PWR" rev="48">
<attrib name="TRUE" value="27"/></item>
</group>
<group name="SELMUX2_1">
<item name="0" rev="48">
<attrib name="0" value="496"/><attrib name="0_INV" value="0"/></item>
</group>
<group name="FF_INIT">
<item name="CK" rev="48">
<attrib name="CK" value="498"/><attrib name="CK_INV" value="5"/></item>
<item name="FFINIT" rev="48">
<attrib name="INIT0" value="502"/><attrib name="INIT1" value="1"/></item>
<item name="FFSR" rev="48">
<attrib name="SRLOW" value="503"/></item>
<item name="SYNC_ATTR" rev="48">
<attrib name="ASYNC" value="503"/></item>
</group>
</ReportConfigData>
<ReportPinData TimeStamp="Wed Jul 08 17:59:27 2020"><group name="IOB33_OUTBUF">
<item name="IN" rev="48">
<attrib name="value" value="11"/></item>
<item name="OUT" rev="48">
<attrib name="value" value="11"/></item>
</group>
<group name="LUT_OR_MEM6">
<item name="A1" rev="48">
<attrib name="value" value="512"/></item>
<item name="A2" rev="48">
<attrib name="value" value="512"/></item>
<item name="A3" rev="48">
<attrib name="value" value="512"/></item>
<item name="A4" rev="48">
<attrib name="value" value="512"/></item>
<item name="A5" rev="48">
<attrib name="value" value="512"/></item>
<item name="A6" rev="48">
<attrib name="value" value="512"/></item>
<item name="CLK" rev="48">
<attrib name="value" value="512"/></item>
<item name="DI1" rev="48">
<attrib name="value" value="512"/></item>
<item name="O6" rev="48">
<attrib name="value" value="512"/></item>
<item name="WA1" rev="48">
<attrib name="value" value="512"/></item>
<item name="WA2" rev="48">
<attrib name="value" value="512"/></item>
<item name="WA3" rev="48">
<attrib name="value" value="512"/></item>
<item name="WA4" rev="48">
<attrib name="value" value="512"/></item>
<item name="WA5" rev="48">
<attrib name="value" value="512"/></item>
<item name="WA6" rev="48">
<attrib name="value" value="512"/></item>
<item name="WA7" rev="48">
<attrib name="value" value="512"/></item>
<item name="WA8" rev="48">
<attrib name="value" value="512"/></item>
<item name="WE" rev="48">
<attrib name="value" value="512"/></item>
</group>
<group name="REG_INIT">
<item name="CE" rev="48">
<attrib name="value" value="722"/></item>
<item name="CK" rev="48">
<attrib name="value" value="938"/></item>
<item name="D" rev="48">
<attrib name="value" value="938"/></item>
<item name="Q" rev="48">
<attrib name="value" value="938"/></item>
<item name="SR" rev="48">
<attrib name="value" value="725"/></item>
</group>
<group name="SLICEL">
<item name="A" rev="48">
<attrib name="value" value="709"/></item>
<item name="A1" rev="48">
<attrib name="value" value="589"/></item>
<item name="A2" rev="48">
<attrib name="value" value="733"/></item>
<item name="A3" rev="48">
<attrib name="value" value="835"/></item>
<item name="A4" rev="48">
<attrib name="value" value="915"/></item>
<item name="A5" rev="48">
<attrib name="value" value="946"/></item>
<item name="A6" rev="48">
<attrib name="value" value="980"/></item>
<item name="AMUX" rev="48">
<attrib name="value" value="164"/></item>
<item name="AQ" rev="48">
<attrib name="value" value="266"/></item>
<item name="AX" rev="48">
<attrib name="value" value="27"/></item>
<item name="B" rev="48">
<attrib name="value" value="513"/></item>
<item name="B1" rev="48">
<attrib name="value" value="494"/></item>
<item name="B2" rev="48">
<attrib name="value" value="597"/></item>
<item name="B3" rev="48">
<attrib name="value" value="625"/></item>
<item name="B4" rev="48">
<attrib name="value" value="671"/></item>
<item name="B5" rev="48">
<attrib name="value" value="716"/></item>
<item name="B6" rev="48">
<attrib name="value" value="747"/></item>
<item name="BMUX" rev="48">
<attrib name="value" value="200"/></item>
<item name="BQ" rev="48">
<attrib name="value" value="238"/></item>
<item name="BX" rev="48">
<attrib name="value" value="34"/></item>
<item name="C" rev="48">
<attrib name="value" value="289"/></item>
<item name="C1" rev="48">
<attrib name="value" value="434"/></item>
<item name="C2" rev="48">
<attrib name="value" value="515"/></item>
<item name="C3" rev="48">
<attrib name="value" value="578"/></item>
<item name="C4" rev="48">
<attrib name="value" value="610"/></item>
<item name="C5" rev="48">
<attrib name="value" value="623"/></item>
<item name="C6" rev="48">
<attrib name="value" value="649"/></item>
<item name="CE" rev="48">
<attrib name="value" value="228"/></item>
<item name="CIN" rev="48">
<attrib name="value" value="44"/></item>
<item name="CLK" rev="48">
<attrib name="value" value="332"/></item>
<item name="CMUX" rev="48">
<attrib name="value" value="329"/></item>
<item name="COUT" rev="48">
<attrib name="value" value="44"/></item>
<item name="CQ" rev="48">
<attrib name="value" value="237"/></item>
<item name="CX" rev="48">
<attrib name="value" value="133"/></item>
<item name="D" rev="48">
<attrib name="value" value="361"/></item>
<item name="D1" rev="48">
<attrib name="value" value="419"/></item>
<item name="D2" rev="48">
<attrib name="value" value="540"/></item>
<item name="D3" rev="48">
<attrib name="value" value="566"/></item>
<item name="D4" rev="48">
<attrib name="value" value="614"/></item>
<item name="D5" rev="48">
<attrib name="value" value="638"/></item>
<item name="D6" rev="48">
<attrib name="value" value="664"/></item>
<item name="DMUX" rev="48">
<attrib name="value" value="199"/></item>
<item name="DQ" rev="48">
<attrib name="value" value="197"/></item>
<item name="DX" rev="48">
<attrib name="value" value="27"/></item>
<item name="SR" rev="48">
<attrib name="value" value="231"/></item>
</group>
<group name="SLICEM">
<item name="A1" rev="48">
<attrib name="value" value="128"/></item>
<item name="A2" rev="48">
<attrib name="value" value="128"/></item>
<item name="A3" rev="48">
<attrib name="value" value="128"/></item>
<item name="A4" rev="48">
<attrib name="value" value="128"/></item>
<item name="A5" rev="48">
<attrib name="value" value="128"/></item>
<item name="A6" rev="48">
<attrib name="value" value="128"/></item>
<item name="AX" rev="48">
<attrib name="value" value="128"/></item>
<item name="B1" rev="48">
<attrib name="value" value="128"/></item>
<item name="B2" rev="48">
<attrib name="value" value="128"/></item>
<item name="B3" rev="48">
<attrib name="value" value="128"/></item>
<item name="B4" rev="48">
<attrib name="value" value="128"/></item>
<item name="B5" rev="48">
<attrib name="value" value="128"/></item>
<item name="B6" rev="48">
<attrib name="value" value="128"/></item>
<item name="BMUX" rev="48">
<attrib name="value" value="128"/></item>
<item name="BX" rev="48">
<attrib name="value" value="128"/></item>
<item name="C1" rev="48">
<attrib name="value" value="128"/></item>
<item name="C2" rev="48">
<attrib name="value" value="128"/></item>
<item name="C3" rev="48">
<attrib name="value" value="128"/></item>
<item name="C4" rev="48">
<attrib name="value" value="128"/></item>
<item name="C5" rev="48">
<attrib name="value" value="128"/></item>
<item name="C6" rev="48">
<attrib name="value" value="128"/></item>
<item name="CE" rev="48">
<attrib name="value" value="128"/></item>
<item name="CLK" rev="48">
<attrib name="value" value="128"/></item>
<item name="CX" rev="48">
<attrib name="value" value="128"/></item>
<item name="D1" rev="48">
<attrib name="value" value="128"/></item>
<item name="D2" rev="48">
<attrib name="value" value="128"/></item>
<item name="D3" rev="48">
<attrib name="value" value="128"/></item>
<item name="D4" rev="48">
<attrib name="value" value="128"/></item>
<item name="D5" rev="48">
<attrib name="value" value="128"/></item>
<item name="D6" rev="48">
<attrib name="value" value="128"/></item>
<item name="DI" rev="48">
<attrib name="value" value="128"/></item>
</group>
<group name="BUFG_BUFG">
<item name="I0" rev="48">
<attrib name="value" value="4"/></item>
<item name="O" rev="48">
<attrib name="value" value="4"/></item>
</group>
<group name="IOB_INBUF_EN">
<item name="INTERMDISABLE" rev="48">
<attrib name="value" value="27"/></item>
<item name="OUT" rev="48">
<attrib name="value" value="27"/></item>
<item name="PAD" rev="48">
<attrib name="value" value="27"/></item>
</group>
<group name="PAD">
<item name="PAD" rev="48">
<attrib name="value" value="38"/></item>
</group>
<group name="CARRY4">
<item name="CIN" rev="48">
<attrib name="value" value="44"/></item>
<item name="CO0" rev="48">
<attrib name="value" value="4"/></item>
<item name="CO1" rev="48">
<attrib name="value" value="3"/></item>
<item name="CO2" rev="48">
<attrib name="value" value="1"/></item>
<item name="CO3" rev="48">
<attrib name="value" value="44"/></item>
<item name="CYINIT" rev="48">
<attrib name="value" value="11"/></item>
<item name="DI0" rev="48">
<attrib name="value" value="48"/></item>
<item name="DI1" rev="48">
<attrib name="value" value="47"/></item>
<item name="DI2" rev="48">
<attrib name="value" value="46"/></item>
<item name="DI3" rev="48">
<attrib name="value" value="42"/></item>
<item name="O0" rev="48">
<attrib name="value" value="37"/></item>
<item name="O1" rev="48">
<attrib name="value" value="33"/></item>
<item name="O2" rev="48">
<attrib name="value" value="34"/></item>
<item name="O3" rev="48">
<attrib name="value" value="34"/></item>
<item name="S0" rev="48">
<attrib name="value" value="55"/></item>
<item name="S1" rev="48">
<attrib name="value" value="49"/></item>
<item name="S2" rev="48">
<attrib name="value" value="47"/></item>
<item name="S3" rev="48">
<attrib name="value" value="45"/></item>
</group>
<group name="LUT5">
<item name="A1" rev="48">
<attrib name="value" value="620"/></item>
<item name="A2" rev="48">
<attrib name="value" value="688"/></item>
<item name="A3" rev="48">
<attrib name="value" value="695"/></item>
<item name="A4" rev="48">
<attrib name="value" value="177"/></item>
<item name="A5" rev="48">
<attrib name="value" value="120"/></item>
<item name="O5" rev="48">
<attrib name="value" value="841"/></item>
</group>
<group name="LUT6">
<item name="A1" rev="48">
<attrib name="value" value="1398"/></item>
<item name="A2" rev="48">
<attrib name="value" value="1795"/></item>
<item name="A3" rev="48">
<attrib name="value" value="2599"/></item>
<item name="A4" rev="48">
<attrib name="value" value="2810"/></item>
<item name="A5" rev="48">
<attrib name="value" value="2922"/></item>
<item name="A6" rev="48">
<attrib name="value" value="3040"/></item>
<item name="O6" rev="48">
<attrib name="value" value="3051"/></item>
</group>
<group name="IOB33">
<item name="O" rev="48">
<attrib name="value" value="11"/></item>
<item name="PAD" rev="48">
<attrib name="value" value="11"/></item>
</group>
<group name="SELMUX2_1">
<item name="0" rev="48">
<attrib name="value" value="496"/></item>
<item name="1" rev="48">
<attrib name="value" value="496"/></item>
<item name="OUT" rev="48">
<attrib name="value" value="496"/></item>
<item name="S0" rev="48">
<attrib name="value" value="496"/></item>
</group>
<group name="IOB">
<item name="I" rev="48">
<attrib name="value" value="27"/></item>
<item name="PAD" rev="48">
<attrib name="value" value="27"/></item>
</group>
<group name="FF_INIT">
<item name="CE" rev="48">
<attrib name="value" value="501"/></item>
<item name="CK" rev="48">
<attrib name="value" value="503"/></item>
<item name="D" rev="48">
<attrib name="value" value="503"/></item>
<item name="Q" rev="48">
<attrib name="value" value="503"/></item>
<item name="SR" rev="48">
<attrib name="value" value="500"/></item>
</group>
<group name="HARD0">
<item name="0" rev="48">
<attrib name="value" value="34"/></item>
</group>
<group name="HARD1">
<item name="1" rev="48">
<attrib name="value" value="3"/></item>
</group>
<group name="BUFG">
<item name="I0" rev="48">
<attrib name="value" value="4"/></item>
<item name="O" rev="48">
<attrib name="value" value="4"/></item>
</group>
</ReportPinData>
<CmdHistory>
</CmdHistory>
</DeviceUsageSummary>
